Area,Price,Age,Num_Bedrooms,Location,Rating,Is_Expensive
2185.430534813131,713253.6283187579,47,4,Urban,5,1
4778.214378844623,559291.5480269144,12,2,Rural,5,1
3793.97273815132,,62,2,Suburban,2,0
3193.9631788866645,823105.2687216012,80,3,Suburban,4,1
1202.0838819909643,700494.6139261853,88,1,Urban,2,1
1201.9753415129119,204486.09237764674,83,4,Rural,3
,915380.8252691503,8,2,Suburban,1,0
4397.7926559872085,831410.3807770106,95,3,Urban,1,1
3205.0175528444397,952309.9176273278,21,2,Unknown,1,1
3686.3266000822045,739433.532968942,81,4,Suburban,2,1
592.630224331111,632744.4361390003,87,4,Suburban,2,0
4864.594334728975,447330.88447608793,80,5,Rural,1,0
4245.991883601898,936092.059186312,70,1,Rural,2,1
1455.5259980522428,872760.6950253879,72,5,Rural,5,0
1318.2123524319527,92957.73660087993,25,3,Rural,5,0
1325.3202943404522,75048.62577238941,82,2,Urban,2,0
1869.0900933179198,407640.1985341471,89,3,Rural,1,0
2861.4039423450704,820025.6642427413,12,4,Suburban,2,1
2443.752583889521,987912.3228491972,15,5,Suburban,2,1
1810.5311308911887,192896.04654835176,59,5,Urban,2,0
3253.3380262507076,614424.1795845283,26,5,Suburban,3,1
1127.7223729341881,411846.31379947043,26,3,Suburban,5,0
1814.6509184084816,971418.6779238731,47,4,Rural,4,0
2148.6282948216126,850012.9769789232,32,2,Suburban,4,1
2552.3149289766616,846412.269475581,10,2,Urban,3,1
4033.291826268561,495258.5018052218,16,3,Rural,2,0
1398.5320197126189,444078.5272207819,71,5,Rural,3,0
2814.0549728612523,309736.71833417093,17,1,Urban,3,0
3165.865559879191,103556.72181838076,23,3,Rural,1,0
709.0268572399898,871486.2574423006,26,3,Rural,5,0
3233.9518335564726,822255.9586735737,85,4,Urban,4,1
1267.358556592812,999731.789621824,86,2,Rural,2,0
792.7321684337578,996804.99522021,7,3,Urban,4,1
4769.984917639999,577660.120322496,14,3,Urban,4,1
4845.344148835517,780538.0444214849,79,5,Suburban,5,1
4137.7880665240755,947527.4433883067,7,5,Suburban,4,1
1870.7619612801682,857165.0211435409,9,1,Rural,4,0
939.5245130287274,284980.69665603776,48,4,Rural,3,0
3579.048619304706,478016.92854458885,72,1,Urban,5,1
2480.686221828206,172701.44439392025,59,5,Rural,1,0
1049.1720568015048,956348.4758957863,87,2,Urban,2,1
2728.2960955007156,625865.902728336,93,5,Urban,4,1
654.7483450184827,267210.66522828955,82,4,Rural,2,0
4591.941809354519,688115.650185564,95,5,Urban,1,1
1664.5099172000762,637221.8284350011,94,4,Suburban,2,0
3481.350279592919,390254.5821311985,39,4,Rural,1,0
1902.6998424023493,157879.71258964756,99,4,Suburban,3,0
2840.3060953001486,687994.5358131597,18,4,Rural,4,1
2960.1962570447586,544292.3158586037,59,4,Urban,1,1
1331.8450498648717,783702.4721488573,17,2,Rural,2,0
4863.130824940514,544155.3260563938,14,1,Suburban,4,1
3988.0977051250156,859572.4253026131,31,3,Urban,3,1
4727.745237038851,574311.4968357612,24,1,Rural,4,1
4526.72307692442,582891.072958617,99,4,Rural,1,1
3190.549904649883,882820.9225254278,60,2,Rural,3,1
4648.434057604026,433308.7229017772,45,5,Suburban,2,0
898.2162592336377,177314.46702810872,98,2,Suburban,3,0
1381.9228808861535,77343.54249767202,3,4,Rural,3,0
703.5228000974213,767380.3928899381,37,2,Urban,5,1
1963.9864884346896,639294.0737857914,43,2,Urban,3,1
2249.047803602669,718875.7796942624,40,4,Suburban,3,1
1721.0706429825316,252315.95343346518,90,2,Urban,4,0
4229.318791183682,179552.90180743128,55,3,Suburban,2,0
2105.3899701211517,63817.43238448783,87,3,Rural,4,0
1764.2052935932134,383058.1808662671,39,2,Suburban,4,0
2942.132374212118,610421.8025119015,15,5,Suburban,1,1
1134.1590123864319,422631.8428447457,4,4,Rural,4,0
4109.886413393178,465601.17592254264,93,3,Urban,5,1
835.4778965589687,908950.759769061,86,5,Suburban,5,0
4940.991214702328,380842.69367213536,25,2,Suburban,1,0
3975.101461834958,538290.0147018202,13,5,Rural,2,1
1394.2205669037758,794470.362104086,82,1,Urban,2,1
524.8495270562108,426715.64320520667,33,3,Suburban,4,0
4169.576428046754,640982.3652164799,16,2,Rural,4,1
3680.858047314277,869245.5233094079,42,4,Suburban,4,1
3780.5322561844428,952044.59247476,66,2,Rural,2,1
3970.7165600867556,189719.80688258604,55,4,Urban,3,0
833.2009328034067,930258.2439034197,99,2,Urban,5,1
2113.0957784492266,517510.4784255613,42,5,Urban,3,1
1021.4107678630837,295332.1688840104,34,5,Urban,3,0
4383.965416440171,486178.96842634823,30,5,Suburban,2,0
3304.8415707240106,981030.9465212032,13,1,Suburban,3,1
1989.0411118369213,517987.1892932261,13,4,Urban,1,1
786.0125762871064,362314.0297731328,18,5,Urban,4,0
1899.4204477204798,651730.8116008894,32,1,Urban,1,1
1963.3249491203617,278138.3378392834,96,4,Suburban,5,0
3783.227802521288,122070.16170323073,99,2,Urban,4,0
3369.008621098459,172435.73581511676,39,1,Urban,3,0
4492.457341593469,171643.5470098838,46,3,Urban,5,0
2624.967163228772,194307.55883667964,29,1,Rural,4,0
1038.1741067223577,181885.81401693964,62,1,Urban,3,0
3709.6015425034775,658831.0075630539,93,4,Rural,1,1
3923.5327187760386,222786.0801791876,62,2,Rural,4,0
3025.747389062733,378383.91915767005,57,3,Urban,3,0
3969.3523097955244,901948.9894107112,16,5,Rural,1,1
2722.080183639758,500263.55824972875,56,5,Urban,5,1
2852.297732218973,684179.8515949758,10,1,Suburban,5,1
2423.934582613473,213703.87764154834,30,4,Suburban,5,0
614.3860703484283,232674.56786823724,25,4,Suburban,5,0
985.51142146987,88825.18545315492,84,5,Suburban,2,0
641.4313355903041,210488.30991855633,5,3,Rural,4,0
3363.8468506870117,314660.82208036067,65,2,Urban,4,0
1914.60191484347,218159.96006290946,94,3,Urban,2,0
2788.5681102411627,134267.40706920283,49,2,Urban,3,0
4584.049132667418,164604.0775455708,3,5,Suburban,3,0
1621.8150311699374,487739.82963108947,45,2,Suburban,5,0
2346.723153660334,246017.0324855029,14,4,Urban,1,0
3899.980123443719,396056.3679956717,30,1,Suburban,3,0
1529.591744712301,528246.407312114,68,1,Urban,1,1
846.4095942295685,705875.087197897,18,5,Urban,4,1
1803.8815381119562,87346.53284904399,62,4,Urban,1,0
1225.4957926430197,809439.8789635905,37,3,Urban,4,1
4683.639435541579,646505.3700163624,25,4,Urban,2,1
4136.5417080398765,127671.08035142832,48,1,Urban,2,0
3350.3169042969057,879899.6929014383,65,1,Urban,5,1
4421.5726558447295,924828.7805052225,53,4,Suburban,3,1
4116.524346046015,108024.06186212056,79,4,Urban,5,0
1339.5652649871613,313033.76573984354,73,1,Urban,4,0
4516.5154932049,815891.2158034083,15,3,Suburban,5,1
2927.0400886204284,760846.7058644755,49,5,Suburban,1,1
4133.480698238282,225294.96838855845,88,5,Suburban,4,0
4532.41084965572,248881.8571698748,68,4,Urban,2,0
1931.0156373733873,401948.4976518129,12,5,Rural,3,0
995.2336603745455,510296.83593147027,59,1,Rural,4,0
1525.7082314387376,637342.0329537812,37,1,Suburban,4,0
2421.9850488181537,400467.9575912838,61,4,Rural,1,0
4181.066446651219,489407.9803264905,43,4,Suburban,3,0
4373.287624653545,760097.3912270687,70,4,Urban,2,1
531.2845873903582,84849.04274606801,39,3,Rural,4,0
2798.3628615990456,289815.0971268197,56,5,Urban,4,0
2378.3495141695057,727682.1065903248,63,4,Rural,1,1
1499.485147118286,900446.4958028394,46,2,Urban,5,1
1039.3941530015727,536093.5700098828,88,2,Rural,2,0
2019.2682713163258,555507.8110020498,11,1,Urban,3,1
4743.093667606337,151813.41077278723,62,5,Urban,4,0
1954.4131940933985,475041.7484822819,77,4,Rural,4,0
2834.5577978451474,555986.403132272,98,2,Urban,2,1
3663.5853150283,280346.9784529932,25,5,Urban,5,0
2136.3332107068227,305781.0694019119,71,1,Urban,4,0
4873.019372244323,408419.95494939154,52,3,Rural,2,0
4831.0128272395,69067.63788884005,4,5,Rural,1,0
1633.0203312141387,355975.20730401936,59,5,Urban,5,0
2737.6182765157346,250875.6066467174,72,3,Urban,3,0
1853.9523941754635,361122.48456901894,20,5,Rural,4,0
1781.7822246986043,163774.02522828866,93,1,Rural,2,0
665.9912630953976,896000.9167029002,63,1,Urban,1,1
3243.0395029095357,613912.8308763462,54,3,Urban,3,1
2762.0556045298767,695147.2031872651,74,4,Urban,2,1
731.6543806249521,799712.6766769714,98,2,Suburban,2,0
1753.9090890647515,523520.0889826044,57,4,Rural,3,0
4587.196486849942,132574.2736830525,90,5,Suburban,1,0
1578.028508001376,560251.2147276204,41,2,Rural,1,0
1152.0269244105039,607499.0621198352,3,3,Rural,5,0
2702.5374212490337,758167.5004751135,6,3,Rural,4,1
4935.427043497703,460076.56891819544,5,2,Rural,3,0
1589.2487218017518,171201.28765578556,5,1,Rural,3,0
3524.6099633264535,319587.11050878826,54,2,Rural,3,0
3927.288268979229,394928.18157870334,47,5,Rural,1,0
1569.3689479657985,663621.3792650212,87,1,Suburban,4,0
3776.973568753368,592239.3894354663,49,3,Urban,5,1
2155.0240972366396,388291.8896029539,9,2,Urban,2,0
3345.3762376711074,987189.4863533307,99,4,Suburban,2,1
3350.883698424026,625486.0783890428,20,4,Suburban,3,1
2910.9860783364134,275365.4521491948,61,5,Suburban,4,0
906.3039652448374,146693.34898938355,35,4,Suburban,1,0
4258.861230151571,195216.18222511542,50,2,Rural,4,0
1943.5102923728114,283659.8419652827,82,2,Urban,4,0
1339.333296799344,202647.3045965779,62,4,Rural,1,0
683.4881369964376,227238.67284874048,17,2,Urban,3,0
3159.018244347088,320840.41025915474,88,5,Urban,4,0
3549.0396282902707,214704.91553001708,3,1,Suburban,2,0
574.6452301753527,901927.1533951039,32,5,Rural,1,0
2804.418762346764,126222.0583785601,99,5,Suburban,5,0
1519.2309883907208,548285.8200917419,13,2,Rural,3,0
3403.2775568425245,439876.98564017843,89,1,Urban,1,1
1284.6489305224613,983259.686063176,73,2,Suburban,5,0
3609.2198214610967,156436.95705964972,68,3,Suburban,5,0
2240.309058352418,427962.8190934546,14,2,Urban,4,1
4715.284949315305,970996.9116116004,98,2,Urban,4,1
1118.8442486569697,872231.7695992813,11,2,Urban,4,1
2034.7985797261633,826218.4674018159,56,1,Suburban,1,1
1010.6308455826509,295007.6856926929,67,2,Rural,1,0
4661.121282253533,212343.20802056254,92,1,Suburban,3,0
4448.027090214415,685211.0589282095,29,4,Rural,4,1
1660.7373247182002,932907.1896712065,9,3,Suburban,5,0
3469.9282071538055,578924.7483632333,67,1,Suburban,2,1
4177.499900905472,593032.0549964049,25,4,Urban,3,1
2998.4036521975804,315980.13897727,98,1,Rural,1,0
2883.4276026020293,781018.2865323401,76,1,Suburban,3,1
1588.3353090520325,,42,3,Suburban,3,0
918.9624551265465,357495.2745840315,9,5,Urban,3,0
4537.470910789971,454164.61668559595,79,5,Urban,3,1
4551.881257234987,532229.8597502322,40,1,Rural,2,1
3348.9565577297058,280289.2457943262,25,2,Suburban,4,0
2025.6340597191531,159094.98350224335,5,4,Rural,5,0
2071.443085756974,630089.040319551,11,2,Suburban,3,1
3766.800554916077,324199.02557824296,59,2,Rural,3,0
4536.9961697865965,602176.3103514817,98,1,Urban,3,1
4491.888909193028,196644.57951049219,88,1,Suburban,4,0
4009.4399563593074,507083.0967620766,79,1,Rural,1,1
3389.142407694295,555959.9609240065,38,1,Urban,1,1
878.6298424777198,99232.35998130556,72,5,Urban,2,0
1227.329213425762,369774.0642842245,5,1,Rural,1,0
4543.493848371856,177693.94309202553,48,5,Suburban,3,0
3228.930768468155,110206.22194912937,90,5,Suburban,3,0
541.3867322748334,990462.220770448,18,1,Urban,3,1
956.6219428971444,356236.15272598685,70,3,Suburban,2,0
3485.757960986251,819380.7235619031,37,4,Suburban,3,1
522.7771273079841,291908.62202557566,60,2,Suburban,1,0
1223.636231378744,697427.5861127328,48,5,Urban,4,1
2969.3020521496373,772216.4668952022,77,4,Rural,4,1
3613.5283896171195,615856.8035774521,28,3,Suburban,5,1
3433.8256677617023,497997.3791226504,69,2,Urban,1,1
1509.211892572519,441248.8684399051,77,2,Urban,3,1
3704.8064960639113,381424.85321584553,81,5,Rural,4,0
1567.6208937356002,933052.6870354345,40,1,Suburban,1,0
1964.2986417167047,839088.4373983426,45,3,Suburban,4,0
3859.211323031109,966775.565133187,96,5,Rural,3,1
3423.348045712466,168082.3623112675,62,3,Rural,4,0
4321.5053472238005,744324.1014434621,93,1,Urban,5,1
3459.258015351545,941423.433979986,58,1,Urban,5,1
3057.3887150096225,222171.41285737714,67,5,Rural,4,0
921.5364552264161,113171.45399843862,56,1,Suburban,1,0
2154.721113767451,754064.6168255561,40,4,Urban,1,1
1693.4106545677646,595749.4575209164,98,2,Urban,1,1
1597.9533952058762,849737.3379203584,40,5,Suburban,4,0
4878.547496386005,182783.757794975,91,3,Urban,1,0
2268.9397610004216,805503.9462668956,77,4,Suburban,3,1
4514.20949829701,241545.9540453573,33,5,Suburban,5,0
3340.123816987683,205473.1457224193,6,1,Suburban,3,0
4076.650865937418,206052.50803444328,88,1,Rural,1,0
2761.8669189733646,823845.984219813,19,1,Rural,3,1
3096.067480818616,681937.3596613901,80,1,Rural,1,1
2716.3296221848877,546912.1535306633,40,3,Suburban,4,1
1378.5934450912002,390888.9599173274,92,4,Suburban,3,0
3751.034518676774,883340.5137724528,97,2,Rural,4,1
1763.475630983851,422822.8520515036,59,3,Urban,4,1
609.4218489415423,825769.4674979983,59,3,Suburban,2,0
3404.625331582255,467178.1631417075,48,2,Urban,1,1
1296.9980573317202,408097.2079536622,41,2,Urban,5,1
4732.063629588114,489545.79638612614,13,1,Suburban,1,0
4792.678596511643,336308.980455935,45,3,Suburban,5,0
4616.889755992019,760228.9111674386,89,5,Urban,1,1
2165.7141511494997,527584.3705878551,53,2,Urban,4,1
569.5547743799034,270602.0603894765,42,2,Rural,3,0
4677.433531644764,904595.8446108401,63,4,Rural,3,1
2426.8286674279143,414696.66030455084,27,5,Suburban,2,0
4849.946685696513,566375.2180582891,38,5,Rural,5,1
4836.289896901638,911148.5054163196,60,2,Rural,5,1
4338.54254960312,643026.0961182925,7,1,Rural,5,1
1825.0200143131356,161053.13867294585,5,4,Rural,4,0
2232.9397787086637,942840.5174328013,45,5,Urban,5,1
4330.115021825856,646322.650417847,58,2,Suburban,3,1
1926.1490232032495,368160.3339242318,31,5,Rural,4,0
1262.7173600874162,182308.4690302179,23,4,Urban,1,0
3005.6056810625755,804323.9298067811,42,4,Urban,5,1
4712.696483723515,639069.1181320879,10,3,Urban,5,1
3632.1340850373786,556788.0373775054,32,2,Rural,1,1
3065.2752654021424,899197.9538984097,53,4,Rural,5,1
937.2942219684585,799167.3506633042,30,3,Suburban,1,0
3267.532520146264,194091.1357461136,39,3,Rural,4,0
4955.242325469185,346135.9644057708,31,5,Rural,3,0
1130.3780685643583,286064.68282374245,82,5,Urban,1,0
2832.483435636815,756748.9779440431,2,3,Suburban,2,1
4448.178823675799,81855.81299899041,78,5,Rural,1,0
3833.45877989392,591395.2006277507,77,4,Rural,5,1
3636.570834478706,774335.751453656,93,1,Urban,4,1
3661.1783779419916,882927.354923662,12,4,Urban,4,1
2117.710180488898,374977.6612801121,39,3,Rural,1,0
1821.1632991902202,830194.4394384122,66,3,Suburban,3,0
4142.125199653312,155100.15010744688,96,4,Suburban,2,0
4145.510276056313,854129.6771477923,13,5,Urban,4,1
4401.8254336104665,171114.2292153833,46,5,Urban,5,0
4609.58248650412,427422.9260323489,27,3,Rural,5,0
2801.04079487422,807430.597490576,17,2,Urban,3,1
2756.823326092398,192421.55598133508,95,5,Rural,4,0
4092.3283053504883,267788.8254710094,98,4,Suburban,1,0
3424.8376884999434,736139.939973413,60,5,Suburban,5,1
3658.850947659665,734034.7097187707,64,4,Rural,3,1
4081.067012462455,659090.2512410324,88,3,Urban,4,1
4505.024038179048,709251.022243745,35,5,Suburban,4,1
2020.978205831911,565588.2211802164,70,4,Urban,4,1
2190.123286879748,289209.1059616051,83,3,Suburban,4,0
922.9187292839106,378411.19382872345,30,2,Rural,4,0
3102.2606344827827,222517.8309613544,71,4,Rural,5,0
661.7402320853394,913028.0332669469,74,2,Rural,3,0
2595.1910815960705,604222.2050278145,96,2,Suburban,4,1
2941.9008561840947,430808.8459254579,98,1,Urban,2,1
1789.4356345772799,488905.5134619261,63,5,Urban,2,1
3158.7496725605483,949919.1726312245,28,4,Urban,3,1
637.2511247257224,195683.8329602762,60,2,Suburban,1,0
668.0668493714649,606918.3404159574,79,1,Suburban,1,0
4201.702522968462,530594.2449402427,94,3,Suburban,1,1
2120.8578863506827,630881.5236629155,37,4,Suburban,2,1
1071.7723069334816,67204.67462979848,93,2,Suburban,1,0
2850.0946702466194,878517.7134969439,22,5,Urban,5,1
3964.9709889437486,935512.3683594317,68,1,Suburban,4,1
1471.1946237357943,586876.5244097485,20,2,Suburban,2,0
3303.007141185501,711818.2826830477,96,5,Urban,3,1
884.063592471956,926374.412118431,68,2,Suburban,3,0
732.5677452587347,721876.7025977287,91,4,Urban,4,1
2891.095842056666,194912.09076854828,64,4,Urban,2,0
2932.858047245479,597473.9421584725,17,4,Rural,1,1
3368.4345567419296,626379.294063713,12,1,Rural,1,1
3767.411001751977,452924.1377372667,22,4,Rural,5,0
4891.334357581406,749622.0238434867,17,5,Rural,5,1
2823.351567355379,937648.6640305641,10,2,Suburban,1,1
1953.3041282356069,929290.0872614376,65,3,Rural,3,0
4078.3378764591666,478297.4028339255,22,5,Urban,3,1
1718.745130679334,157576.1435487175,90,5,Suburban,5,0
2475.3713931753628,985599.1390142179,82,4,Rural,4,1
853.0537160401968,846953.1821236374,50,1,Urban,1,1
614.0783453695587,168429.5471431035,14,2,Suburban,5,0
4831.917866050663,924799.7884865036,64,1,Suburban,5,1
4261.910542304926,876401.5439590219,47,2,Rural,1,1
3631.8839274216407,542896.1542697685,29,2,Suburban,1,1
2340.288249864215,611711.6639576828,76,1,Urban,3,1
1279.824440318806,429052.56867662375,36,5,Suburban,4,0
1203.9666920198872,102023.55688092977,99,2,Urban,4,0
1626.093041740679,368437.3795636059,52,1,Suburban,1,0
2971.519991177542,812710.7761681109,76,2,Rural,2,1
3715.6816521502806,54400.42185437272,7,3,Urban,5,0
3470.8881952297907,366824.21310658695,29,5,Suburban,5,0
1759.7025362567429,428260.25891139614,11,4,Suburban,1,0
4796.893762984373,560525.8227910267,33,2,Suburban,2,1
3820.536125130958,923862.8355921224,6,3,Urban,3,1
2994.593236301303,379028.6946476632,79,4,Urban,1,0
3252.7433580545853,379605.5418014163,32,4,Urban,1,0
2388.2002809250544,750626.185704261,51,2,Rural,5,1
1614.7894527552087,479607.0438453168,75,1,Rural,1,0
2101.877053930677,263374.5817929829,58,2,Urban,1,0
3910.307497089661,479817.54032605875,87,3,Suburban,1,0
564.7706988339014,183814.16936080987,26,4,Rural,5,0
,217567.63718091213,98,2,Urban,3,0
707.0118890978874,523449.38410250575,46,1,Unknown,3,0
683.2796104353656,447979.1770293205,98,2,Rural,1,0
4349.572628049533,919103.606014695,29,5,Suburban,5,1
3666.4603672101066,394274.2041608015,4,1,Suburban,3,0
2633.7822308929635,601558.9327641412,81,3,Suburban,3,1
940.2537229295067,650651.0735235539,99,4,Suburban,3,0
2712.2714380257457,62439.733758916955,13,2,Rural,5,0
2630.6229685125454,680360.503415875,39,1,Rural,5,1
1279.4084145950683,219134.16852626385,15,5,Rural,1,0
2452.332421570879,963016.8015959824,29,1,Urban,4,1
2293.2713047881807,191229.5913654573,29,5,Rural,3,0
3271.3254412349743,443892.9175406725,75,3,Suburban,4,0
3357.921428904397,131082.18467471167,32,4,Rural,5,0
703.8680439742003,997030.53925365,2,3,Suburban,5,0
2185.7567658191206,527085.2598146804,47,2,Urban,5,1
3316.369620714064,615615.7664540416,78,1,Suburban,4,1
2764.1131636103946,113722.6535190061,84,5,Suburban,5,0
4354.20428534745,762462.4468792189,22,5,Suburban,1,1
3464.1213422852525,249410.31344080647,75,1,Urban,5,0
1233.2049218664336,903151.5749686781,27,1,Rural,2,0
817.5593633019344,244882.6584579068,67,2,Rural,4,0
3390.8867519284204,231153.33463048324,81,3,Urban,2,0
619.3008974372982,84722.18445569013,56,5,Suburban,5,0
3135.990115730585,498463.5978544993,92,2,Rural,1,0
4731.0360864123095,586599.0765994856,93,3,Unknown,3,1
3089.633800441455,112423.20745693475,21,2,Rural,5,0
2246.7646679293484,786751.2358602601,47,5,Urban,1,1
3394.796982990589,480624.39301062626,80,1,Suburban,4,0
2562.138007211825,548170.7558612011,59,1,Rural,2,1
2955.275551921707,468724.6095913167,84,3,Urban,2,1
4736.591639494363,430724.90783155966,6,4,Rural,2,0
2237.461870103484,581658.314742807,19,3,Rural,4,1
4825.357537207614,197478.23363417687,57,4,Rural,1,0
4574.077888802287,222831.72397050756,69,2,Rural,4,0
1381.060106551834,868696.3399628415,3,2,Urban,2,1
812.1258539382445,948809.6890269511,1,5,Suburban,5,0
953.5010061984199,404643.8504657653,58,4,Urban,3,1
581.9982154319738,307207.4394863761,38,5,Urban,4,0
924.9933234016778,661799.566077065,15,1,Urban,4,1
3573.5304803736058,438297.46254319156,34,4,Suburban,1,0
820.3489180710304,74117.03787732762,61,3,Rural,1,0
1935.3903363219258,198344.96749788083,35,1,Rural,4,0
4301.938899362545,730173.6174050276,64,1,Rural,2,1
604.7237108112164,675977.7448146438,25,3,Suburban,3,0
4165.10817165021,75741.19287830932,24,1,Rural,1,0
1768.3464864802997,260873.55383630196,12,4,Suburban,2,0
1031.7417242974532,269521.0567586678,18,5,Rural,5,0
3635.317244138678,688298.106418792,15,1,Rural,1,1
3330.2428105094777,68725.01086664594,80,4,Urban,2,0
4448.624060871738,148903.15288534516,27,2,Suburban,2,0
3807.819697117486,809920.2811045299,72,4,Urban,3,1
4115.6641867318185,219617.42895161692,60,5,Urban,3,0
1769.1555765708792,670108.8024592809,46,4,Urban,5,1
1298.4779470087528,276273.6419943902,89,3,Suburban,2,0
3877.7663823838625,144469.3231213779,17,5,Suburban,2,0
4130.756326702688,281013.58144948137,93,2,Rural,3,0
4957.273139003029,736153.5852628762,53,3,Urban,1,1
2356.7795461014193,862911.6447009714,8,4,Rural,1,1
2174.0813860675244,838708.871338642,79,5,Urban,4,1
3993.858323338986,427324.3531375321,27,2,Suburban,3,0
2033.6159311385802,684680.8797421139,46,3,Suburban,4,1
4688.407965216042,244735.08064502993,50,2,Suburban,3,0
4362.857383293553,328490.3437479626,71,4,Urban,5,0
2430.4731231875826,901519.0275950638,3,2,Suburban,2,1
3878.9198050617383,62351.82733519923,93,1,Urban,5,0
3895.4429333810704,131233.10431174468,64,3,Rural,3,0
964.0574097616968,247491.94238872596,44,2,Urban,2,0
4561.48808005805,75205.59368012873,53,4,Rural,1,0
2773.635676015357,222363.66333530744,24,4,Urban,1,0
4219.058597484837,603889.4829212076,60,2,Rural,4,1
1940.2232046377528,450353.32306287304,3,4,Suburban,3,0
4529.854528232902,898038.1255231261,20,5,Rural,3,1
2251.4075543037343,826571.3836515188,46,5,Suburban,1,1
548.7694316613427,374726.4841129822,15,5,Suburban,5,0
4574.218893886687,296452.26175972784,25,1,Rural,2,0
910.790045537601,410707.7877589036,94,2,Urban,5,1
1936.9113691568668,610780.1953890674,78,1,Urban,5,1
4775.278851728622,304660.4587817325,71,4,Urban,1,0
4777.732161219003,642941.4624566773,17,1,Urban,1,1
3080.4704965547876,438941.0695816784,84,4,Urban,1,1
3343.267454764097,574444.8218093812,9,4,Suburban,4,1
2518.004848902439,464320.20267855085,38,3,Urban,5,1
1819.4484726412904,329742.4715648218,48,5,Suburban,3,0
1978.9904541646217,951030.6416140489,60,4,Suburban,2,0
3526.333052346673,775425.5044517728,63,3,Suburban,4,1
3885.68538246956,183107.51697812992,86,5,Rural,3,0
4062.1056967663185,875044.5771030171,2,4,Rural,5,1
4053.2816425754927,513059.63833703793,88,4,Suburban,1,1
910.4274637191066,899824.6155493868,72,1,Rural,5,0
2724.8913711616165,809862.4931499495,11,1,Urban,2,1
759.0144200748992,453952.8292457718,64,5,Urban,4,1
2972.87997045681,71345.84290411153,77,4,Suburban,4,0
2486.8872561801963,305243.4914156988,81,2,Urban,2,0
4494.668822412349,564552.5039278236,72,1,Suburban,3,1
2079.1175564843543,651804.30883484,21,5,Suburban,3,1
1026.8015739242264,294993.3011615422,18,4,Urban,4,0
1143.4625692377613,182388.27036918292,94,4,Rural,4,0
3926.7978427286253,843183.7249593341,64,2,Urban,1,1
3281.981284923175,985182.0716683745,82,5,Urban,3,1
955.052042552556,549405.6731875516,95,4,Suburban,2,0
878.4806275174885,213095.3215558883,38,1,Suburban,3,0
3654.36109156604,308691.9601934005,32,2,Suburban,1,0
827.4335286388709,67471.1427200934,11,5,Suburban,4,0
4198.3702668066035,918583.8662324741,45,2,Rural,4,1
3678.090022204233,161863.52874563407,89,1,Rural,1,0
866.069512888549,597690.6517385409,33,5,Rural,2,0
881.7697133833636,310352.4596528457,41,2,Suburban,4,0
4939.87810325529,576469.1023900037,8,3,Suburban,5,1
2184.2185809025414,668849.368934271,11,1,Suburban,4,1
2167.8896618010094,838254.7135218416,86,1,Rural,5,1
4157.598052658761,246100.20817257304,51,1,Suburban,1,0
4762.618598227365,60446.03722555646,88,3,Urban,1,0
4937.004787202919,,41,3,Urban,4,0
3890.2018336652372,905017.7097556998,17,4,Suburban,3,1
2193.1681348891207,880195.5736843895,76,2,Urban,5,1
875.7532251440094,617542.4470617928,46,4,Urban,2,1
3997.1611216734655,620491.0174119706,32,2,Rural,4,1
3012.8191238111226,681784.8408189428,79,3,Suburban,2,1
2408.9990416113933,216602.7146922771,80,3,Suburban,4,0
4578.594732926312,918691.3486287118,54,4,Rural,3,1
1000.388670377681,447831.99864746945,86,5,Urban,3,1
2716.8129693088663,413981.6018370226,92,4,Urban,3,1
551.0914014533859,542971.8200186957,20,2,Suburban,3,0
2608.9728889735684,94617.6684363023,33,4,Urban,1,0
753.3647405682681,207969.20031827543,74,1,Rural,1,0
1034.6806232063236,751131.9356050519,40,2,Rural,5,0
1028.868110496972,128658.73452887015,32,2,Suburban,2,0
3421.446359522286,622994.5039930688,97,5,Rural,4,1
3857.201956694405,283081.6541972549,2,3,Rural,4,0
3125.1594429372185,419830.8333398777,97,2,Suburban,1,0
4829.776468135438,324259.0499321649,33,3,Rural,4,0
2186.9176078566684,387889.0806417017,77,4,Rural,1,0
1785.7043882683734,733093.6099250332,30,1,Rural,5,0
4408.696076852571,332265.62984201626,33,5,Urban,2,0
1506.1812733375368,588084.4082820524,77,3,Suburban,5,0
4834.501427482751,502247.88208914467,26,2,Suburban,3,1
554.6951361041736,680487.6070945157,22,3,Suburban,3,0
4864.454720184375,939988.25235852,66,2,Urban,3,1
694.2196037775925,745943.4923497378,38,3,Urban,5,1
4510.14401164132,254193.3596612189,90,2,Suburban,4,0
2874.6549908883494,79623.97830822044,46,4,Urban,2,0
4968.341582536851,299150.8420848338,15,2,Suburban,3,0
832.0845413092949,615324.0341652421,98,2,Urban,3,1
2992.3442798059436,98854.52281003783,44,1,Rural,3,0
4861.861410285946,521547.9348411745,49,2,Rural,2,1
2853.9402987656695,617000.7064710448,75,1,Suburban,3,1
3332.2938716086815,367531.69627611275,61,5,Urban,2,0
3630.869100430777,782366.5935585308,67,1,Urban,3,1
2545.43479145498,151268.34047708323,6,4,Rural,5,0
3324.0113603782856,121380.89264901832,9,1,Rural,5,0
3129.414403653951,741779.3183934232,6,5,Urban,2,1
4555.21104720945,520716.7503958885,73,4,Urban,5,1
704.5087115365604,703982.2766063493,95,3,Urban,2,1
1764.3343531650364,463085.97167355893,32,3,Urban,5,1
4776.851678344514,284081.93157715147,41,1,Urban,5,0
4506.187027509123,828147.2017904897,76,1,Urban,2,1
2550.4553875357083,809445.0850205303,8,5,Suburban,4,1
3290.5966901069155,709961.6473117054,72,5,Urban,5,1
1748.2153234150971,308537.88036846457,50,2,Rural,3,0
1346.5452187569258,610719.1335256328,92,5,Suburban,4,0
2586.6428222299196,392925.20209302544,62,2,Urban,2,0
2090.0850261172377,137002.96966030245,84,4,Rural,4,0
3126.452503328924,921447.8966891307,62,1,Suburban,1,1
849.8058663424317,179977.69937301334,7,4,Rural,1,0
4884.776634497749,952725.4861297623,75,5,Urban,5,1
4937.948350158213,473705.48431005795,84,4,Urban,5,1
